Loan_ID,Gender,Married,Dependents,Education,Self_Employed,ApplicantIncome,LoanAmount,Loan_Amount_Term,Credit_History,Property_Area,Loan_Status,Total_Income,Capacity%
LP001002,Male,No,0,Graduate,No,8.674025985,146.4121622,360,1,Urban,Y,8.674025985,2.5031999
LP001003,Male,Yes,1,Graduate,No,8.430109085,128,360,1,Rural,N,8.714567551,2.101461172
LP001005,Male,Yes,0,Graduate,Yes,8.006367568,66,360,1,Urban,Y,8.006367568,2.2
LP001006,Male,Yes,0,Not Graduate,No,7.856706793,120,360,1,Urban,Y,8.505323019,2.428658166
LP001008,Male,No,0,Graduate,No,8.699514748,141,360,1,Urban,Y,8.699514748,2.35
LP001011,Male,Yes,2,Graduate,Yes,8.597297436,267,360,1,Urban,Y,9.170871628,2.777488817
LP001013,Male,Yes,0,Not Graduate,No,7.754910272,95,360,1,Urban,Y,8.255568653,2.468173552
LP001014,Male,Yes,3+,Graduate,No,8.018296139,158,360,0,Semiurban,N,8.61974978,2.85198556
LP001018,Male,Yes,2,Graduate,No,8.295548516,168,360,1,Urban,Y,8.618304693,3.036876356
LP001020,Male,Yes,1,Graduate,No,9.460398456,349,360,1,Semiurban,N,10.07781894,1.465832248
LP001024,Male,Yes,2,Graduate,No,8.070906089,70,360,1,Urban,Y,8.268731832,1.794871795
LP001027,Male,Yes,2,Graduate,No,7.824046011,109,360,1,Urban,Y,8.375629627,2.511520737
LP001028,Male,Yes,2,Graduate,No,8.030409562,200,360,1,Urban,Y,9.321792297,1.78906879
LP001029,Male,No,0,Graduate,No,7.524561226,114,360,1,Rural,N,8.453827316,2.429149798
LP001030,Male,Yes,2,Graduate,No,7.169350017,17,120,1,Urban,Y,7.776954403,0.71278826
LP001032,Male,No,0,Graduate,No,8.507142856,125,360,1,Urban,Y,8.507142856,2.525252525
LP001034,Male,No,1,Not Graduate,No,8.187577396,100,240,0.842198582,Urban,Y,8.187577396,2.780867631
LP001036,Female,No,0,Graduate,No,8.163371316,76,360,0,Urban,N,8.163371316,2.165242165
LP001038,Male,Yes,0,Not Graduate,No,8.494333897,133,360,1,Rural,N,8.494333897,2.721506036
LP001041,Male,Yes,0,Graduate,No,7.863266724,115,342,1,Urban,Y,8.71604405,1.885245902
LP001043,Male,Yes,0,Not Graduate,No,8.943767263,104,360,0,Urban,N,8.943767263,1.35770235
LP001046,Male,Yes,1,Graduate,No,8.691986482,315,360,1,Urban,Y,9.357034751,2.720207254
LP001047,Male,Yes,0,Not Graduate,No,7.863266724,116,360,0,Semiurban,N,8.414274137,2.571491909
LP001050,Male,Yes,2,Not Graduate,No,8.121183242,112,360,0,Rural,N,8.572060093,2.120408936
LP001052,Male,Yes,1,Graduate,No,8.22067217,151,360,0.842198582,Semiurban,N,8.801168402,2.273411623
LP001066,Male,Yes,0,Graduate,Yes,9.165343006,191,360,1,Semiurban,Y,9.165343006,1.99790795
LP001068,Male,Yes,0,Graduate,No,7.93701749,122,360,1,Semiurban,Y,8.527539483,2.414885194
LP001073,Male,Yes,2,Not Graduate,No,8.349011198,110,360,1,Urban,Y,8.56902634,2.088872009
LP001086,Male,No,0,Not Graduate,No,7.273786318,35,360,1,Urban,N,7.273786318,2.427184466
LP001087,Female,No,2,Graduate,No,8.229511119,120,360,1,Semiurban,Y,8.671286727,2.057260415
LP001091,Male,Yes,1,Graduate,No,8.334711622,201,360,0.842198582,Urban,N,8.927314111,2.667551427
LP001095,Male,No,0,Graduate,No,8.060540047,74,360,1,Urban,N,8.060540047,2.336596148
LP001097,Male,No,1,Graduate,Yes,8.45361421,106,360,1,Rural,N,8.45361421,2.259164535
LP001098,Male,Yes,0,Graduate,No,8.160518247,114,360,1,Semiurban,Y,8.550047528,2.20630927
LP001100,Male,No,3+,Graduate,No,9.433483923,320,360,1,Rural,N,9.648595303,2.064516129
LP001106,Male,Yes,0,Graduate,No,7.729735331,146.4121622,360,1,Urban,Y,8.37609035,3.371998207
LP001109,Male,Yes,0,Graduate,No,7.510977752,100,342,0,Urban,N,8.057694195,3.166561115
LP001112,Female,Yes,0,Graduate,No,8.207129168,144,360,1,Semiurban,Y,8.542080907,2.809207959
LP001114,Male,No,0,Graduate,No,8.334711622,184,360,1,Urban,Y,9.339261152,1.617440225
LP001116,Male,No,0,Not Graduate,No,8.228977643,110,360,1,Semiurban,Y,8.597112815,2.031019202
LP001119,Male,No,0,Graduate,No,8.188689124,80,360,1,Urban,N,8.188689124,2.222222222
LP001120,Male,No,0,Graduate,No,7.495541944,47,360,1,Urban,Y,8.010691539,1.559907069
LP001123,Male,Yes,0,Graduate,No,7.783224016,75,360,0.842198582,Urban,Y,7.783224016,3.125
LP001131,Male,Yes,0,Graduate,No,8.279189777,134,360,1,Semiurban,Y,8.744647438,2.13477776
LP001136,Male,Yes,0,Not Graduate,Yes,8.454253392,96,342,1,Urban,Y,8.454253392,2.044728435
LP001137,Female,No,0,Graduate,No,8.13446757,88,342,1,Urban,Y,8.13446757,2.580645161
LP001138,Male,Yes,1,Graduate,No,8.639233817,44,360,1,Urban,Y,8.639233817,0.77889892
LP001144,Male,Yes,0,Graduate,No,8.669227347,144,360,1,Urban,Y,8.669227347,2.473801752
LP001146,Female,Yes,0,Graduate,No,7.880426344,120,360,0,Urban,N,8.713582005,1.972062449
LP001151,Female,No,0,Graduate,No,8.29404964,144,360,1,Semiurban,Y,8.744328764,2.294820717
LP001155,Female,Yes,0,Not Graduate,No,7.564238475,100,360,1,Semiurban,Y,8.180880942,2.799552072
LP001157,Female,No,0,Graduate,No,8.034631033,120,360,1,Semiurban,Y,8.034631033,3.88852884
LP001164,Female,No,0,Graduate,No,8.349957272,112,360,1,Semiurban,N,8.349957272,2.647754137
LP001179,Male,Yes,2,Graduate,No,8.437283808,134,360,1,Urban,N,8.437283808,2.902946274
LP001186,Female,Yes,1,Graduate,Yes,9.350102314,286,360,0,Urban,N,9.350102314,2.486956522
LP001194,Male,Yes,2,Graduate,No,7.903965634,97,360,1,Semiurban,Y,8.262300942,2.503225806
LP001195,Male,Yes,0,Graduate,No,7.664815785,96,360,1,Semiurban,Y,8.222285074,2.578565673
LP001197,Male,Yes,0,Graduate,No,8.121480375,135,360,1,Rural,N,8.624431942,2.425440172
LP001198,Male,Yes,1,Graduate,No,8.997147152,180,360,1,Urban,Y,9.242807562,1.74249758
LP001199,Male,Yes,2,Not Graduate,No,8.118802997,144,360,1,Urban,Y,8.734881892,2.316602317
LP001205,Male,Yes,0,Graduate,No,7.824046011,120,360,1,Urban,Y,8.74766979,1.905972046
LP001206,Male,Yes,3+,Graduate,No,8.015987811,99,360,1,Urban,Y,8.015987811,3.268405414
LP001207,Male,Yes,0,Not Graduate,Yes,7.866722285,165,180,0,Rural,N,8.709134992,2.723671179
LP001213,Male,Yes,1,Graduate,No,8.506132244,146.4121622,360,0,Rural,N,8.506132244,2.960812177
LP001222,Female,No,0,Graduate,No,8.334711622,116,360,0,Semiurban,N,8.334711622,2.784445511
LP001225,Male,Yes,0,Graduate,No,8.652772486,258,360,1,Semiurban,N,9.241935934,2.499757775
LP001228,Male,No,0,Not Graduate,No,8.070906089,126,180,0,Urban,N,8.604104563,2.310231023
LP001233,Male,Yes,1,Graduate,No,9.282661034,312,360,1,Urban,Y,9.282661034,2.902325581
LP001238,Male,Yes,3+,Not Graduate,Yes,8.867850063,125,60,1,Urban,Y,8.867850063,1.76056338
LP001241,Female,No,0,Graduate,No,8.366370302,136,360,0,Semiurban,N,8.366370302,3.162790698
LP001243,Male,Yes,0,Graduate,No,8.073402969,172,360,1,Urban,Y,8.744169389,2.741472745
LP001245,Male,Yes,2,Not Graduate,Yes,7.536363938,97,360,1,Semiurban,Y,8.229511119,2.586666667
LP001248,Male,No,0,Graduate,No,8.160518247,81,300,1,Semiurban,Y,8.160518247,2.314285714
LP001250,Male,Yes,3+,Not Graduate,No,8.466951975,95,342,0,Semiurban,N,8.466951975,1.997896951
LP001253,Male,Yes,3+,Graduate,Yes,8.56902634,187,360,1,Semiurban,Y,8.859363449,2.65625
LP001255,Male,No,0,Graduate,No,8.229511119,113,480,1,Urban,N,8.229511119,3.013333333
LP001256,Male,No,0,Graduate,No,8.229511119,176,360,1,Urban,N,9.047821442,2.070588235
LP001259,Male,Yes,1,Graduate,Yes,6.907755279,110,360,1,Urban,N,8.29953457,2.734957732
LP001263,Male,Yes,3+,Graduate,No,8.060540047,180,300,0,Semiurban,N,8.877242436,2.511511093
LP001264,Male,Yes,3+,Not Graduate,Yes,8.111628078,130,360,0.842198582,Semiurban,Y,8.612321537,2.364066194
LP001265,Female,No,0,Graduate,No,8.254788926,111,360,1,Semiurban,Y,8.254788926,2.886115445
LP001266,Male,Yes,1,Graduate,Yes,7.78113851,146.4121622,360,1,Semiurban,Y,7.78113851,6.113242679
LP001267,Female,Yes,2,Graduate,No,7.228388452,167,360,1,Urban,N,8.089175679,5.124271249
LP001273,Male,Yes,0,Graduate,No,8.699514748,265,360,0.842198582,Semiurban,N,9.017968479,3.212121212
LP001275,Male,Yes,1,Graduate,No,8.291045131,50,240,1,Urban,Y,8.291045131,1.253761284
LP001279,Male,No,0,Graduate,No,7.768956045,136,360,1,Semiurban,Y,8.496378052,2.777210537
LP001280,Male,Yes,2,Not Graduate,No,8.111628078,99,360,0.842198582,Semiurban,Y,8.581669211,1.856366023
LP001282,Male,Yes,0,Graduate,No,7.824046011,104,360,1,Semiurban,Y,8.43771699,2.252057168
LP001289,Male,No,0,Graduate,No,9.055556158,210,360,1,Urban,Y,9.055556158,2.45155265
LP001310,Male,Yes,0,Graduate,No,8.647343876,175,360,1,Semiurban,Y,9.196444267,1.774487933
LP001316,Male,Yes,0,Graduate,No,7.992268643,131,360,1,Semiurban,Y,8.675563527,2.236258109
LP001318,Male,Yes,2,Graduate,No,8.740336743,188,180,1,Semiurban,Y,9.384629757,1.579301075
LP001319,Male,Yes,2,Not Graduate,No,8.093462275,81,360,1,Urban,Y,8.535622327,1.590418221
LP001322,Male,No,0,Graduate,No,8.326758815,122,360,1,Semiurban,Y,8.326758815,2.951850956
LP001325,Male,No,0,Not Graduate,No,8.194229305,25,120,1,Semiurban,Y,8.194229305,0.690607735
LP001326,Male,No,0,Graduate,No,8.822027323,146.4121622,360,0.842198582,Urban,N,8.822027323,2.158834594
LP001327,Female,Yes,0,Graduate,No,7.817625443,137,360,1,Semiurban,Y,8.473450268,2.862515671
LP001333,Male,Yes,0,Graduate,No,7.589335823,50,360,1,Semiurban,Y,7.997663127,1.681237391
LP001334,Male,Yes,0,Not Graduate,No,8.339978572,115,180,1,Semiurban,Y,8.339978572,2.745940783
LP001343,Male,Yes,0,Graduate,No,7.472500745,131,360,1,Semiurban,Y,8.5754621,2.471698113
LP001345,Male,Yes,2,Not Graduate,No,8.363575703,133,180,1,Urban,Y,8.929435284,1.761356112
LP001349,Male,No,0,Graduate,No,8.485289642,151,360,1,Semiurban,Y,9.065198986,1.745866574
LP001350,Male,Yes,0,Graduate,No,9.521494801,146.4121622,360,1,Urban,Y,9.521494801,1.072616573
LP001356,Male,Yes,0,Graduate,No,8.445052514,146.4121622,360,1,Semiurban,Y,9.016148643,1.777925466
LP001357,Male,Yes,0,Graduate,No,8.246958033,160,360,1,Urban,Y,8.427268484,3.501094092
LP001367,Male,Yes,1,Graduate,No,8.023552392,100,360,1,Urban,Y,8.314342343,2.44977952
LP001369,Male,Yes,2,Graduate,No,9.342858752,225,360,1,Urban,Y,9.43691802,1.793829227
LP001370,Male,No,0,Not Graduate,No,8.900139988,120,360,1,Rural,N,8.900139988,1.63643802
LP001379,Male,Yes,2,Graduate,No,8.242756346,216,360,0,Urban,N,8.909235279,2.918918919
LP001384,Male,Yes,3+,Not Graduate,No,7.635786861,94,480,1,Semiurban,Y,7.946263644,3.327433628
LP001385,Male,No,0,Graduate,No,8.57847642,136,360,1,Urban,Y,8.57847642,2.558314522
LP001387,Female,Yes,0,Graduate,No,7.982416347,139,360,1,Semiurban,Y,8.568266462,2.641581148
LP001391,Male,Yes,0,Not Graduate,No,8.180880942,152,342,0,Rural,N,8.947155771,1.97762165
LP001392,Female,No,1,Graduate,Yes,8.916103531,146.4121622,360,1,Semiurban,Y,8.916103531,1.965000163
LP001398,Male,No,0,Graduate,No,8.527143522,118,360,1,Semiurban,Y,8.527143522,2.336633663
LP001401,Male,Yes,1,Graduate,No,9.587611746,185,180,1,Rural,Y,9.587611746,1.268600425
LP001404,Female,Yes,0,Graduate,No,8.060540047,154,360,1,Semiurban,Y,8.603370888,2.825688073
LP001405,Male,Yes,1,Graduate,No,7.702556113,85,360,0.842198582,Urban,Y,8.192016915,2.353266888
LP001421,Male,Yes,0,Graduate,No,8.624791202,175,360,1,Rural,N,8.950273467,2.269779507
LP001422,Female,No,0,Graduate,No,9.25033002,259,360,1,Urban,Y,9.25033002,2.488470407
LP001426,Male,Yes,0,Graduate,No,8.642415156,180,360,1,Rural,Y,9.028098812,2.159827214
LP001430,Female,No,0,Graduate,No,8.334711622,44,360,1,Semiurban,Y,8.334711622,1.056168987
LP001431,Female,No,0,Graduate,No,7.667158255,137,360,0,Semiurban,Y,9.316230747,1.232346856
LP001432,Male,Yes,2,Graduate,No,7.99193052,81,360,1,Semiurban,Y,7.99193052,2.739262766
LP001439,Male,Yes,0,Not Graduate,No,8.366370302,194,360,1,Rural,Y,8.750524669,3.072537219
LP001443,Female,No,0,Graduate,No,8.213923596,93,360,0.842198582,Rural,Y,8.213923596,2.518959913
LP001448,Male,Yes,3+,Graduate,No,10.0775669,370,360,1,Rural,Y,10.0775669,1.554425913
LP001449,Male,No,0,Graduate,No,8.259716961,146.4121622,360,1,Rural,Y,8.613412049,2.659621474
LP001451,Male,Yes,1,Graduate,Yes,9.260367866,160,180,0,Urban,N,9.572410734,1.113973404
LP001465,Male,Yes,0,Graduate,No,8.712759975,182,360,0.842198582,Rural,N,9.065198986,2.104289513
LP001469,Male,No,0,Graduate,Yes,9.911753297,650,480,0.842198582,Urban,Y,9.911753297,3.223247049
LP001473,Male,No,0,Graduate,No,7.607878073,74,360,1,Urban,Y,8.279697134,1.876743596
LP001478,Male,No,0,Graduate,No,7.907651595,70,360,1,Semiurban,Y,7.907651595,2.575423105
LP001482,Male,Yes,0,Graduate,Yes,8.148734809,25,120,1,Semiurban,Y,8.148734809,0.722752241
LP001487,Male,No,0,Graduate,No,8.495969555,102,360,1,Semiurban,Y,8.495969555,2.083758938
LP001488,Male,Yes,3+,Graduate,No,8.29404964,290,360,1,Semiurban,N,9.37160852,2.468085106
LP001489,Female,Yes,0,Graduate,No,8.430109085,84,360,1,Rural,N,8.430109085,1.832860572
LP001491,Male,Yes,2,Graduate,Yes,8.106514516,88,360,1,Urban,Y,8.827028069,1.291079812
LP001492,Male,No,0,Graduate,No,9.615738811,242,360,0,Semiurban,N,9.615738811,1.613440896
LP001493,Male,Yes,2,Not Graduate,No,8.342839804,129,360,1,Rural,N,8.635864721,2.291296625
LP001497,Male,Yes,2,Graduate,No,8.525558108,185,360,1,Rural,N,8.871365005,2.596491228
LP001498,Male,No,0,Graduate,No,8.597297436,168,360,1,Urban,Y,8.597297436,3.101347609
LP001504,Male,No,0,Graduate,Yes,8.846496939,175,180,1,Semiurban,Y,8.846496939,2.517985612
LP001507,Male,Yes,0,Graduate,No,7.900266037,122,360,1,Semiurban,Y,8.462103225,2.57819104
LP001508,Male,Yes,2,Graduate,No,9.372204087,187,180,1,Urban,Y,9.372204087,1.590541805
LP001514,Female,Yes,0,Graduate,No,7.753623547,100,360,1,Semiurban,Y,8.827028069,1.46713615
LP001516,Female,Yes,2,Graduate,No,9.606832005,70,360,1,Urban,Y,9.606832005,0.470873133
LP001518,Male,Yes,1,Graduate,No,7.33823815,30,360,1,Urban,Y,7.993957548,1.012487344
LP001519,Female,No,0,Graduate,No,9.210340372,225,360,1,Rural,N,9.364433907,1.928681639
LP001520,Male,Yes,0,Graduate,No,8.488793717,125,360,1,Semiurban,Y,8.646465527,2.196836555
LP001528,Male,No,0,Graduate,No,8.744647438,118,360,0,Rural,N,8.744647438,1.879878923
LP001529,Male,Yes,0,Graduate,Yes,7.854381211,152,360,1,Rural,Y,8.752581469,2.402402402
LP001531,Male,No,0,Graduate,No,9.123256265,244,360,1,Urban,N,9.123256265,2.662011783
LP001532,Male,Yes,2,Not Graduate,No,7.732369222,113,360,1,Rural,N,7.732369222,4.953967558
LP001535,Male,No,0,Graduate,No,8.087640288,50,360,1,Urban,Y,8.087640288,1.536570375
LP001536,Male,Yes,3+,Graduate,No,10.59660973,600,180,0,Semiurban,Y,10.59660973,1.500037501
LP001541,Male,Yes,1,Graduate,No,8.699514748,160,360,0.842198582,Rural,Y,8.699514748,2.666666667
LP001543,Male,Yes,1,Graduate,No,9.163039099,187,360,1,Urban,Y,9.163039099,1.960578738
LP001546,Male,No,0,Graduate,No,7.999678579,120,360,1,Rural,Y,8.529714472,2.370136283
LP001552,Male,Yes,0,Graduate,No,8.430109085,255,360,1,Semiurban,Y,9.230927006,2.498040752
LP001560,Male,Yes,0,Not Graduate,No,7.529943371,98,360,1,Semiurban,Y,7.973844376,3.374655647
LP001562,Male,Yes,0,Graduate,No,8.978786553,275,360,1,Urban,N,8.978786553,3.466532207
LP001565,Male,Yes,1,Graduate,No,8.035602693,121,360,0,Semiurban,N,8.382289429,2.769512474
LP001570,Male,Yes,2,Graduate,No,8.334951631,158,360,1,Rural,Y,8.633018757,2.81439259
LP001572,Male,Yes,0,Graduate,No,9.140239744,75,180,1,Urban,Y,9.140239744,0.804462083
LP001574,Male,Yes,0,Graduate,No,8.217978203,182,342,1,Rural,Y,8.835355971,2.648043067
LP001577,Female,Yes,0,Graduate,No,8.430109085,112,360,1,Rural,N,8.430109085,2.443814096
LP001578,Male,Yes,0,Graduate,No,7.799343398,129,360,1,Rural,Y,8.66077392,2.234927235
LP001579,Male,No,0,Graduate,No,7.712890961,63,480,0,Semiurban,N,7.712890961,2.816271793
LP001580,Male,Yes,2,Graduate,No,8.987196821,200,360,1,Semiurban,Y,8.987196821,2.5
LP001581,Male,Yes,0,Not Graduate,No,7.50659178,95,360,1,Rural,Y,8.185628891,2.646976874
LP001585,Male,Yes,3+,Graduate,No,10.85443089,700,300,1,Urban,Y,10.85443089,1.352317292
LP001586,Male,Yes,3+,Not Graduate,No,8.166784289,81,180,1,Rural,N,8.166784289,2.299829642
LP001594,Male,Yes,0,Graduate,No,8.649623979,187,360,1,Semiurban,Y,9.335474103,1.650048531
LP001603,Male,Yes,0,Not Graduate,Yes,8.376550862,87,360,1,Semiurban,N,8.533066541,1.712598425
LP001606,Male,Yes,0,Graduate,No,8.159660737,116,360,1,Rural,Y,8.605387202,2.124153086
LP001608,Male,Yes,2,Graduate,No,7.623153068,101,360,1,Rural,Y,8.206310726,2.756550218
LP001610,Male,Yes,3+,Graduate,No,8.615408239,495,360,0,Semiurban,N,9.730086093,2.943625119
LP001616,Male,Yes,1,Graduate,No,8.229511119,116,360,1,Semiurban,Y,8.229511119,3.093333333
LP001630,Male,No,0,Not Graduate,No,7.754910272,102,480,0,Urban,N,8.23853693,2.695560254
LP001633,Male,Yes,1,Graduate,No,8.764053269,180,360,0,Urban,N,9.521494801,1.318681319
LP001634,Male,No,0,Graduate,No,7.557994959,67,360,0.842198582,Rural,N,8.850660919,0.960022926
LP001636,Male,Yes,0,Graduate,No,8.433811582,73,180,1,Semiurban,Y,8.433811582,1.586956522
LP001637,Male,Yes,1,Graduate,No,10.4295761,260,360,1,Semiurban,N,10.4295761,0.76818531
LP001639,Female,Yes,0,Graduate,No,8.195609567,108,360,1,Semiurban,Y,8.195609567,2.979310345
LP001640,Male,Yes,0,Graduate,Yes,10.57507907,120,360,1,Semiurban,Y,10.68960126,0.2733672
LP001641,Male,Yes,1,Graduate,Yes,7.686162303,66,300,0,Rural,N,7.686162303,3.03030303
LP001643,Male,Yes,0,Graduate,No,7.776115477,58,360,0.842198582,Rural,Y,8.416488487,1.282902013
LP001644,Male,Yes,0,Graduate,Yes,6.513230111,168,360,1,Rural,Y,8.694502206,2.814070352
LP001647,Male,Yes,0,Graduate,No,9.140775909,188,180,1,Rural,Y,9.140775909,2.015437393
LP001653,Male,No,0,Not Graduate,No,8.493924564,48,360,1,Rural,Y,8.493924564,0.982599795
LP001656,Male,No,0,Graduate,No,9.392661929,164,360,1,Semiurban,N,9.392661929,1.366666667
LP001657,Male,Yes,0,Not Graduate,No,8.704999678,160,360,1,Urban,N,8.704999678,2.652080225
LP001658,Male,No,0,Graduate,No,8.257904193,76,360,1,Semiurban,Y,8.257904193,1.969932608
LP001664,Male,No,0,Graduate,No,8.340694648,120,360,1,Rural,Y,8.340694648,2.863278454
LP001665,Male,Yes,1,Graduate,No,8.047189562,170,360,1,Semiurban,N,8.649623979,2.978276104
LP001666,Male,No,0,Graduate,No,9.027978814,187,360,1,Rural,Y,9.399554785,1.5476289
LP001669,Female,No,0,Not Graduate,No,7.553286606,120,342,1,Urban,Y,8.359837381,2.808988764
LP001671,Female,Yes,0,Graduate,No,8.136225555,113,360,0.842198582,Semiurban,Y,8.737452588,1.81322208
LP001673,Male,No,0,Graduate,Yes,9.305650552,83,360,1,Urban,N,9.305650552,0.754545455
LP001674,Male,Yes,1,Not Graduate,No,7.863266724,90,360,1,Semiurban,Y,8.536995819,1.764705882
LP001677,Male,No,2,Graduate,No,8.50167338,166,360,0,Semiurban,Y,8.50167338,3.371927686
LP001682,Male,Yes,3+,Not Graduate,No,8.292047637,146.4121622,180,1,Urban,N,8.292047637,3.667639333
LP001688,Male,Yes,1,Not Graduate,No,8.160518247,135,360,1,Urban,Y,8.430109085,2.945668776
LP001691,Male,Yes,2,Not Graduate,No,8.273081334,124,360,1,Semiurban,Y,8.273081334,3.165688027
LP001692,Female,No,0,Not Graduate,No,8.391176351,120,360,1,Semiurban,Y,8.391176351,2.722323049
LP001693,Female,No,0,Graduate,No,8.084562415,80,360,1,Urban,Y,8.084562415,2.466091245
LP001698,Male,No,0,Not Graduate,No,8.287780027,55,360,1,Rural,Y,8.780480107,0.845373501
LP001699,Male,No,0,Graduate,No,7.815610532,59,360,1,Urban,Y,7.815610532,2.379991932
LP001702,Male,No,0,Graduate,No,8.136810864,127,360,1,Semiurban,N,8.136810864,3.715623171
LP001708,Female,No,0,Graduate,No,9.210340372,214,360,1,Semiurban,N,9.210340372,2.14
LP001711,Male,Yes,3+,Graduate,No,8.14031554,128,360,0,Semiurban,N,8.451053389,2.735042735
LP001713,Male,Yes,1,Graduate,Yes,8.960210956,240,360,1,Urban,Y,8.960210956,3.082059843
LP001715,Male,Yes,3+,Not Graduate,Yes,8.648747631,130,360,1,Rural,Y,8.648747631,2.279502016
LP001716,Male,Yes,0,Graduate,No,8.062432792,137,360,1,Urban,Y,8.731336361,2.211817888
LP001720,Male,Yes,3+,Not Graduate,No,8.255828427,100,360,1,Semiurban,Y,8.483222672,2.069108214
LP001722,Male,Yes,0,Graduate,No,5.010635294,135,360,1,Rural,N,7.575584652,6.923076923
LP001726,Male,Yes,0,Graduate,No,8.223358899,131,360,1,Semiurban,Y,8.612866941,2.380952381
LP001732,Male,Yes,2,Graduate,No,8.517193191,72,360,0,Semiurban,N,8.517193191,1.44
LP001734,Female,Yes,2,Graduate,No,8.362408978,127,360,0.842198582,Semiurban,Y,8.804775259,1.905190519
LP001736,Male,Yes,0,Graduate,No,7.705712824,60,360,0,Urban,N,7.705712824,2.701485817
LP001743,Male,Yes,2,Graduate,No,8.296297113,116,360,1,Semiurban,Y,8.652772486,2.025847014
LP001744,Male,No,0,Graduate,No,7.996653875,144,360,1,Semiurban,Y,8.659039916,2.499132246
LP001749,Male,Yes,0,Graduate,No,8.933004592,175,342,1,Semiurban,Y,9.058121159,2.037727061
LP001750,Male,Yes,0,Graduate,No,8.740336743,128,360,1,Semiurban,Y,8.740336743,2.048
LP001751,Male,Yes,0,Graduate,No,8.086410275,170,360,1,Rural,N,8.086410275,5.230769231
LP001754,Male,Yes,0,Not Graduate,Yes,8.462737006,138,360,1,Urban,N,8.462737006,2.914466737
LP001758,Male,Yes,2,Graduate,No,8.740336743,210,360,1,Semiurban,Y,8.980298079,2.643171806
LP001760,Male,Yes,0,Graduate,No,8.467582691,158,480,1,Semiurban,Y,8.467582691,3.320722993
LP001761,Male,No,0,Graduate,Yes,8.764053269,200,360,1,Rural,Y,8.764053269,3.125
LP001765,Male,Yes,1,Graduate,No,7.820439515,104,360,1,Semiurban,Y,8.421783007,2.288228823
LP001768,Male,Yes,0,Graduate,No,8.2204031,42,180,1,Rural,Y,8.2204031,1.130247578
LP001770,Male,No,0,Not Graduate,No,8.067462667,120,342,1,Rural,Y,8.663369302,2.073613271
LP001776,Female,No,0,Graduate,No,9.027978814,280,360,1,Semiurban,Y,9.027978814,3.360134405
LP001778,Male,Yes,1,Graduate,No,8.056743775,140,360,1,Semiurban,Y,8.503905297,2.837454398
LP001784,Male,Yes,1,Graduate,No,8.612503371,170,360,1,Rural,Y,8.818778169,2.514792899
LP001786,Male,Yes,0,Graduate,No,8.65625924,255,360,0.842198582,Urban,N,8.65625924,4.437869822
LP001788,Female,No,0,Graduate,Yes,8.149890544,122,360,0.842198582,Urban,Y,8.149890544,3.522956974
LP001790,Female,No,1,Graduate,No,8.245909265,112,360,1,Rural,Y,8.245909265,2.938090241
LP001792,Male,Yes,1,Graduate,No,8.106212903,96,360,1,Semiurban,Y,8.106212903,2.895927602
LP001798,Male,Yes,2,Graduate,No,8.668883705,120,360,1,Rural,Y,9.289059127,1.109159811
LP001800,Male,Yes,1,Not Graduate,No,7.828038032,140,180,1,Urban,N,8.410275909,3.115958157
LP001806,Male,No,0,Graduate,No,7.994632311,155,60,1,Urban,Y,9.067162602,1.788599123
LP001807,Male,Yes,2,Graduate,Yes,8.740336743,108,360,1,Rural,Y,8.929302842,1.430463576
LP001811,Male,Yes,0,Not Graduate,No,8.133293861,123,360,1,Semiurban,Y,8.964823392,1.572286846
LP001813,Male,No,0,Graduate,Yes,8.707813551,120,180,1,Urban,N,9.247925132,1.155735337
LP001814,Male,Yes,2,Graduate,No,9.180190395,112,360,1,Urban,Y,9.180190395,1.154282181
LP001819,Male,Yes,1,Not Graduate,No,8.796036315,137,180,1,Urban,Y,8.796036315,2.073244552
LP001824,Male,Yes,1,Graduate,No,7.966239777,123,480,1,Semiurban,Y,8.46062284,2.603174603
LP001825,Male,Yes,0,Graduate,No,7.500529485,90,360,1,Urban,Y,8.209852481,2.447647539
LP001835,Male,Yes,0,Not Graduate,No,7.419380583,201,360,0,Semiurban,N,8.62299361,3.61640878
LP001836,Female,No,2,Graduate,No,8.139440522,138,360,1,Urban,N,8.139440522,4.026845638
LP001841,Male,No,0,Not Graduate,Yes,7.856706793,104,360,1,Rural,Y,8.465899897,2.189473684
LP001843,Male,Yes,1,Not Graduate,No,7.886457271,279,180,1,Semiurban,Y,9.186252576,2.858020897
LP001844,Male,No,0,Graduate,Yes,9.695848188,192,360,0,Urban,N,9.695848188,1.181538462
LP001846,Female,No,3+,Graduate,No,8.033658428,255,360,1,Rural,Y,8.033658428,8.27116445
LP001849,Male,No,0,Not Graduate,No,8.706986763,115,360,0,Rural,N,8.706986763,1.902398677
LP001854,Male,Yes,3+,Graduate,No,8.565983356,94,360,1,Urban,N,8.565983356,1.79047619
LP001859,Male,Yes,0,Graduate,No,9.594445641,304,360,1,Rural,N,9.728121748,1.81135673
LP001864,Male,Yes,3+,Not Graduate,No,8.503297086,128,360,0.842198582,Semiurban,N,8.503297086,2.595822348
LP001865,Male,Yes,1,Graduate,No,8.713253274,330,360,0.842198582,Urban,Y,9.243097936,3.193651408
LP001868,Male,No,0,Graduate,No,7.630461262,134,360,1,Semiurban,Y,8.359134887,3.138908409
LP001870,Female,No,1,Graduate,No,8.155074888,155,36,1,Semiurban,N,8.155074888,4.452743465
LP001871,Female,No,0,Graduate,No,8.881836305,120,360,1,Rural,Y,8.881836305,1.666666667
LP001872,Male,No,0,Graduate,Yes,8.549853974,128,360,1,Semiurban,Y,8.549853974,2.477739063
LP001875,Male,No,0,Graduate,No,8.317521996,151,360,1,Rural,Y,8.928242678,2.002121453
LP001877,Male,Yes,2,Graduate,No,8.457018468,150,360,1,Semiurban,Y,8.715224042,2.461033634
LP001882,Male,Yes,3+,Graduate,No,8.374015422,160,360,0,Urban,Y,8.723231275,2.604166667
LP001883,Female,No,0,Graduate,No,8.136810864,135,360,1,Rural,N,8.136810864,3.949678174
LP001884,Female,No,1,Graduate,No,7.964155719,90,360,1,Urban,Y,8.397508348,2.028854824
LP001888,Female,No,0,Graduate,No,8.082402254,30,360,1,Urban,Y,8.082402254,0.926784059
LP001891,Male,Yes,0,Graduate,No,9.318835968,136,360,1,Urban,Y,9.318835968,1.22016867
LP001892,Male,No,0,Graduate,No,7.9490915,126,360,1,Rural,Y,8.453187861,2.686567164
LP001894,Male,Yes,0,Graduate,No,7.870929597,150,360,1,Semiurban,Y,8.485289642,3.097253768
LP001896,Male,Yes,2,Graduate,No,8.268731832,90,360,1,Semiurban,Y,8.268731832,2.307692308
LP001900,Male,Yes,1,Graduate,No,7.919356191,115,360,1,Semiurban,Y,8.432070938,2.504355401
LP001903,Male,Yes,0,Graduate,No,8.292298107,207,360,1,Semiurban,Y,8.891098831,2.848493188
LP001904,Male,Yes,0,Graduate,No,8.040124664,80,360,1,Urban,Y,8.390041406,1.816942993
LP001907,Male,Yes,0,Graduate,No,9.587611746,436,360,1,Semiurban,Y,9.587611746,2.989782624
LP001908,Female,Yes,0,Not Graduate,No,8.318742253,124,360,0.842198582,Rural,Y,8.318742253,3.024390244
LP001910,Male,No,1,Not Graduate,Yes,8.307212627,158,360,0,Urban,N,8.776321456,2.438647939
LP001914,Male,Yes,0,Graduate,No,8.275631055,112,360,1,Semiurban,Y,8.461046031,2.369367464
LP001915,Male,Yes,2,Graduate,No,7.74109909,78,180,1,Urban,Y,8.097669722,2.373128888
LP001917,Female,No,0,Graduate,No,7.501634458,54,360,1,Urban,Y,8.153925132,1.553062985
LP001922,Male,Yes,0,Graduate,No,9.936293504,146.4121622,360,1,Rural,N,9.936293504,0.70843452
LP001924,Male,No,0,Graduate,No,8.057694195,89,360,1,Rural,Y,8.734077193,1.432941555
LP001925,Female,No,0,Graduate,Yes,7.863266724,99,300,1,Semiurban,N,8.370315996,2.293259208
LP001926,Male,Yes,0,Graduate,No,8.217168596,120,360,1,Rural,Y,8.648922962,2.103786816
LP001931,Female,No,0,Graduate,No,8.324578845,115,360,1,Semiurban,Y,8.324578845,2.788554801
LP001935,Male,No,0,Graduate,No,9.159888828,187,360,1,Rural,Y,9.159888828,1.96676483
LP001936,Male,Yes,0,Graduate,No,8.03106018,139,360,1,Rural,Y,8.610865667,2.531415043
LP001938,Male,Yes,2,Graduate,No,8.38935982,127,360,0,Semiurban,N,8.38935982,2.886363636
LP001940,Male,Yes,2,Graduate,No,8.05610966,134,360,1,Urban,Y,8.458079927,2.843199661
LP001945,Female,No,0,Graduate,No,8.597297436,143,480,0,Urban,N,8.597297436,2.639837548
LP001947,Male,Yes,0,Graduate,No,7.776115477,172,360,1,Semiurban,Y,8.651199471,3.008570929
LP001949,Male,Yes,3+,Graduate,No,8.392989588,110,360,1,Urban,Y,8.64223868,1.941404871
LP001953,Male,Yes,1,Graduate,No,8.835646923,200,360,1,Semiurban,Y,8.835646923,2.909090909
LP001954,Female,Yes,1,Graduate,No,8.448057453,135,360,1,Urban,Y,8.448057453,2.893270467
LP001955,Female,No,0,Graduate,No,8.517193191,151,480,1,Rural,N,8.928110078,2.002386951
LP001963,Male,Yes,1,Graduate,No,7.607878073,113,360,1,Urban,N,8.504918161,2.287912533
LP001964,Male,Yes,0,Not Graduate,No,7.495541944,93,360,0,Urban,N,8.46252579,1.964512041
LP001972,Male,Yes,0,Not Graduate,No,7.963807953,105,360,1,Semiurban,Y,8.43923165,2.27027027
LP001974,Female,No,0,Graduate,No,8.517193191,132,360,1,Rural,Y,8.517193191,2.64
LP001977,Male,Yes,1,Graduate,No,7.393263095,96,360,1,Urban,Y,8.13973228,2.800466744
LP001978,Male,No,0,Graduate,No,8.29404964,140,360,1,Rural,Y,8.779557456,2.153846154
LP001990,Male,No,0,Not Graduate,No,7.60090246,146.4121622,360,1,Urban,N,7.60090246,7.320608108
LP001993,Female,No,0,Graduate,No,8.23270601,135,360,1,Rural,Y,8.599326021,2.487103906
LP001994,Female,No,0,Graduate,No,7.783224016,104,360,0,Urban,N,8.357728417,2.439596528
LP001996,Male,No,0,Graduate,No,9.915070214,480,360,1,Rural,N,9.915070214,2.372361983
LP001998,Male,Yes,2,Not Graduate,No,8.944680684,185,360,0.842198582,Rural,Y,8.944680684,2.412938568
LP002002,Female,No,0,Graduate,No,7.97831097,84,360,1,Semiurban,Y,7.97831097,2.879670895
LP002004,Male,No,0,Not Graduate,No,7.981733287,111,360,1,Semiurban,Y,8.581481681,2.081770443
LP002006,Female,No,0,Graduate,No,7.826842098,56,360,1,Rural,Y,7.826842098,2.233745513
LP002008,Male,Yes,2,Graduate,Yes,8.65625924,144,84,0.842198582,Rural,Y,8.65625924,2.506091194
LP002024,Male,Yes,0,Graduate,No,7.813187268,159,360,1,Rural,N,8.370084326,3.683966636
LP002031,Male,Yes,1,Not Graduate,No,8.13123655,111,180,1,Urban,Y,8.524962929,2.202818019
LP002035,Male,Yes,2,Graduate,No,8.22067217,120,360,1,Semiurban,Y,8.22067217,3.228410008
LP002036,Male,Yes,0,Graduate,No,7.629489916,88,360,0.842198582,Urban,Y,8.340933226,2.099236641
LP002043,Female,No,1,Graduate,No,8.172164452,112,360,0.842198582,Semiurban,Y,8.172164452,3.16294832
LP002050,Male,Yes,1,Graduate,Yes,9.210340372,155,360,1,Rural,N,9.210340372,1.55
LP002051,Male,Yes,0,Graduate,No,7.783224016,115,360,1,Semiurban,Y,8.426611813,2.518064375
LP002053,Male,Yes,3+,Graduate,No,8.37609035,124,360,1,Semiurban,Y,8.418697945,2.736702715
LP002054,Male,Yes,2,Not Graduate,No,8.188966864,146.4121622,360,1,Rural,Y,8.554681636,2.820500138
LP002055,Female,No,0,Graduate,No,8.06022424,132,360,0.842198582,Rural,Y,8.724369949,2.145992522
LP002065,Male,Yes,3+,Graduate,No,9.61580548,300,360,1,Rural,Y,9.61580548,2
LP002067,Male,Yes,1,Graduate,Yes,9.067162602,376,360,0,Rural,N,9.521421538,2.75478057
LP002068,Male,No,0,Graduate,No,8.500453867,130,360,0,Rural,Y,8.500453867,2.64388855
LP002082,Male,Yes,0,Graduate,Yes,8.668711839,184,360,1,Semiurban,Y,8.984443032,2.306342442
LP002086,Female,Yes,0,Graduate,No,8.374015422,110,360,1,Urban,N,8.822322177,1.621462264
LP002087,Female,No,0,Graduate,No,7.824046011,67,360,1,Urban,Y,7.824046011,2.68
LP002097,Male,No,1,Graduate,No,8.385716829,117,360,1,Urban,Y,8.728587996,1.894123361
LP002098,Male,No,0,Graduate,No,7.984462732,98,360,1,Semiurban,Y,7.984462732,3.339011925
LP002100,Male,No,0,Graduate,No,7.9490915,71,360,1,Urban,Y,7.9490915,2.506177197
LP002101,Male,Yes,0,Graduate,No,11.05622496,490,180,1,Urban,Y,11.05622496,0.773639421
LP002103,Male,Yes,1,Graduate,Yes,9.193499355,182,180,1,Urban,Y,9.364433907,1.560089148
LP002106,Male,Yes,0,Graduate,Yes,8.613048677,70,342,1,Semiurban,Y,9.209640127,0.700490343
LP002110,Male,Yes,1,Graduate,No,8.565983356,160,360,1,Rural,Y,8.689127655,2.694509936
LP002112,Male,Yes,2,Graduate,Yes,7.824046011,176,360,1,Rural,Y,8.867850063,2.478873239
LP002113,Female,No,3+,Not Graduate,No,7.512071246,146.4121622,360,0,Urban,N,7.512071246,8.000664599
LP002114,Female,No,0,Graduate,No,8.333270353,71,360,1,Semiurban,Y,8.333270353,1.706730769
LP002115,Male,Yes,3+,Not Graduate,No,7.881182202,173,360,1,Rural,N,8.350902452,4.085970713
LP002116,Female,No,0,Graduate,No,7.774015077,46,360,1,Rural,N,7.774015077,1.934398654
LP002119,Male,Yes,1,Not Graduate,No,8.423761247,158,360,1,Urban,Y,8.662677858,2.732145945
LP002126,Male,Yes,3+,Not Graduate,No,8.062432792,74,360,1,Semiurban,Y,8.062432792,2.33217775
LP002128,Male,Yes,2,Graduate,No,7.856706793,125,360,1,Rural,Y,8.499640032,2.544270303
LP002129,Male,Yes,0,Graduate,No,7.823645931,160,360,1,Semiurban,Y,8.508555998,3.227758725
LP002130,Male,Yes,0,Not Graduate,No,8.167068178,152,360,0,Rural,N,8.81774213,2.250851473
LP002131,Male,Yes,2,Not Graduate,No,8.033658428,126,360,1,Urban,Y,8.566173814,2.399542944
LP002137,Male,Yes,0,Graduate,No,8.753529337,259,360,0.842198582,Semiurban,Y,9.297984882,2.372663979
LP002138,Male,Yes,0,Graduate,No,7.872836175,187,360,1,Rural,Y,9.090993614,2.107042254
LP002139,Male,Yes,0,Graduate,No,9.114159814,228,360,1,Semiurban,Y,9.114159814,2.51018386
LP002140,Male,No,0,Graduate,No,9.076808979,308,360,1,Rural,N,9.466299552,2.384454595
LP002141,Male,Yes,3+,Graduate,No,7.888334501,95,360,1,Rural,Y,8.465689349,2.000421141
LP002142,Female,Yes,0,Graduate,Yes,8.612503371,105,360,0,Rural,N,8.612503371,1.909090909
LP002143,Female,Yes,0,Graduate,No,7.792761721,130,360,1,Semiurban,Y,7.982074875,4.43989071
LP002144,Female,No,0,Graduate,No,8.24617156,116,180,1,Urban,Y,8.24617156,3.042223971
LP002149,Male,Yes,2,Graduate,No,9.027978814,165,360,1,Rural,Y,9.350102314,1.434782609
LP002151,Male,Yes,1,Graduate,No,8.262300942,67,360,1,Urban,N,8.262300942,1.729032258
LP002158,Male,Yes,0,Not Graduate,No,8.006367568,100,480,0,Urban,N,8.448057453,2.143163309
LP002160,Male,Yes,3+,Graduate,No,8.550047528,200,360,1,Semiurban,Y,9.028098812,2.399808015
LP002161,Female,No,1,Graduate,No,8.46019947,81,360,1,Semiurban,N,8.46019947,1.715011645
LP002170,Male,Yes,2,Graduate,No,8.517193191,236,360,1,Semiurban,Y,9.067277989,2.722972193
LP002175,Male,Yes,0,Graduate,No,8.465899897,130,360,1,Urban,Y,8.865452826,1.835380488
LP002178,Male,Yes,0,Graduate,No,8.010691539,95,300,0.842198582,Urban,Y,8.707152175,1.571286801
LP002180,Male,No,0,Graduate,Yes,8.827907963,141,360,1,Rural,Y,8.827907963,2.066842568
LP002181,Male,No,0,Not Graduate,No,8.734881892,133,360,1,Rural,N,8.734881892,2.13963964
LP002187,Male,No,0,Graduate,No,7.824046011,96,480,1,Semiurban,N,7.824046011,3.84
LP002188,Male,No,0,Graduate,No,8.541690663,124,342,0,Rural,N,8.541690663,2.419984387
LP002190,Male,Yes,1,Graduate,No,8.752265314,175,360,1,Semiurban,Y,8.752265314,2.766798419
LP002191,Male,Yes,0,Graduate,No,9.889895599,570,360,1,Rural,N,10.12647109,2.280364858
LP002194,Female,No,0,Graduate,Yes,9.66516691,55,360,1,Semiurban,Y,9.66516691,0.349006917
LP002197,Male,Yes,2,Graduate,No,8.553525121,155,360,1,Semiurban,Y,8.553525121,2.989392478
LP002201,Male,Yes,2,Graduate,Yes,9.140239744,380,300,1,Rural,Y,9.752432078,2.209816236
LP002205,Male,No,1,Graduate,No,8.026823576,111,180,0,Urban,N,8.526945483,2.19845514
LP002209,Female,No,0,Graduate,No,7.924434185,110,360,1,Urban,Y,8.348301055,2.604783329
LP002211,Male,Yes,0,Graduate,No,8.479906607,120,180,1,Urban,Y,8.655214489,2.090592334
LP002219,Male,Yes,3+,Graduate,No,9.076808979,130,360,1,Rural,Y,9.528503152,0.945729667
LP002223,Male,Yes,0,Graduate,No,8.368693183,130,360,0.842198582,Semiurban,Y,8.368693183,3.016241299
LP002224,Male,No,0,Graduate,No,8.029107055,71,480,1,Urban,N,8.029107055,2.313457152
LP002225,Male,Yes,2,Graduate,No,8.592486175,130,360,1,Urban,Y,8.592486175,2.411426451
LP002226,Male,Yes,0,Graduate,No,8.111628078,128,360,1,Semiurban,Y,8.671286727,2.194411109
LP002229,Male,No,0,Graduate,No,8.689632748,296,360,1,Semiurban,Y,9.227492431,2.909662833
LP002231,Female,No,0,Graduate,No,8.699514748,156,360,1,Urban,Y,8.699514748,2.6
LP002234,Male,No,0,Graduate,Yes,8.877242436,128,360,1,Urban,Y,8.877242436,1.785963444
LP002236,Male,Yes,2,Graduate,No,8.426392827,100,360,1,Urban,N,8.426392827,2.190100745
LP002237,Male,No,1,Graduate,No,8.207129168,113,180,1,Urban,Y,8.207129168,3.081538042
LP002239,Male,No,0,Not Graduate,No,7.760467029,132,360,1,Semiurban,Y,8.280457687,3.345159655
LP002243,Male,Yes,0,Not Graduate,No,8.009695358,146.4121622,360,0,Urban,N,8.723556743,2.382234985
LP002244,Male,Yes,0,Graduate,No,7.754910272,136,360,1,Urban,Y,8.465899897,2.863157895
LP002250,Male,Yes,0,Graduate,No,8.610319169,125,360,1,Rural,Y,8.610319169,2.277696793
LP002255,Male,No,3+,Graduate,No,9.123365358,185,360,1,Rural,Y,9.123365358,2.018108432
LP002262,Male,Yes,3+,Graduate,No,9.159468042,275,360,1,Rural,Y,9.159468042,2.893518519
LP002263,Male,Yes,0,Graduate,No,7.856706793,120,360,0.842198582,Urban,Y,8.454892165,2.554278416
LP002265,Male,Yes,2,Not Graduate,No,7.59739632,113,180,1,Semiurban,Y,8.193676666,3.123272526
LP002266,Male,Yes,2,Graduate,No,8.03915739,113,360,1,Urban,Y,8.411832676,2.511111111
LP002272,Male,Yes,2,Graduate,No,8.094378445,135,360,0.842198582,Semiurban,Y,8.232174236,3.590425532
LP002277,Female,No,0,Graduate,No,8.064636476,71,360,0,Urban,N,8.064636476,2.232704403
LP002281,Male,Yes,0,Graduate,No,8.017307508,95,360,1,Urban,Y,8.410053316,2.114870882
LP002284,Male,No,0,Not Graduate,No,8.269244521,109,360,1,Rural,Y,8.624791202,1.957614943
LP002287,Female,No,0,Graduate,No,7.313220387,103,360,0,Semiurban,N,8.101677747,3.121212121
LP002288,Male,Yes,2,Not Graduate,No,7.9686657,45,180,0,Urban,N,7.9686657,1.557632399
LP002296,Male,No,0,Not Graduate,No,7.921172722,65,300,1,Rural,N,7.921172722,2.359346642
LP002297,Male,No,0,Graduate,No,7.824046011,103,360,1,Semiurban,Y,10.02127059,0.457777778
LP002300,Female,No,0,Not Graduate,No,7.582229194,53,360,1,Semiurban,Y,7.582229194,2.699949058
LP002301,Female,No,0,Graduate,Yes,8.914760527,194,360,1,Rural,N,8.914760527,2.607176455
LP002305,Female,No,0,Graduate,No,8.422222954,115,360,1,Semiurban,Y,8.422222954,2.529140092
LP002308,Male,Yes,0,Not Graduate,No,7.681099002,115,360,1,Urban,Y,8.426611813,2.518064375
LP002314,Female,No,0,Not Graduate,No,7.70210434,66,360,1,Rural,Y,7.70210434,2.982376864
LP002315,Male,Yes,1,Graduate,No,9.024010794,152,300,0,Semiurban,N,9.024010794,1.831325301
LP002317,Male,Yes,3+,Graduate,No,11.30220443,360,360,0,Rural,N,11.30220443,0.444444444
LP002318,Female,No,1,Not Graduate,Yes,8.260234292,62,360,1,Semiurban,N,8.260234292,1.603310059
LP002319,Male,Yes,0,Graduate,No,8.741296282,160,360,0.842198582,Urban,Y,8.741296282,2.557544757
LP002328,Male,Yes,0,Not Graduate,No,8.715388097,218,360,0,Rural,N,8.715388097,3.576115486
LP002332,Male,Yes,0,Not Graduate,No,7.72001794,110,360,1,Rural,Y,8.363109176,2.566495567
LP002335,Female,Yes,0,Not Graduate,No,7.672757897,178,360,0,Semiurban,N,8.591558273,3.304864463
LP002337,Female,No,0,Graduate,No,8.004699511,60,360,1,Urban,Y,8.004699511,2.003338898
LP002341,Female,No,1,Graduate,No,7.863266724,160,360,1,Urban,N,7.863266724,6.153846154
LP002342,Male,Yes,2,Graduate,Yes,7.377758908,239,360,1,Urban,N,9.980448594,1.106481481
LP002345,Male,Yes,0,Graduate,No,6.932447892,112,360,1,Rural,Y,8.242229891,2.948920484
LP002347,Male,Yes,0,Graduate,No,8.085178748,138,360,1,Semiurban,Y,8.447414297,2.959468154
LP002348,Male,Yes,0,Graduate,No,8.670600738,138,360,1,Rural,Y,8.670600738,2.36747298
LP002357,Female,No,0,Not Graduate,No,7.908387159,80,342,0,Urban,N,7.908387159,2.941176471
LP002361,Male,Yes,0,Graduate,No,7.50659178,100,360,1,Urban,Y,8.17159948,2.825656965
LP002362,Male,Yes,1,Graduate,No,8.888756748,110,342,0,Urban,N,9.095714846,1.233598744
LP002364,Male,Yes,0,Graduate,No,9.607773308,96,360,1,Semiurban,Y,9.607773308,0.64516129
LP002366,Male,Yes,0,Graduate,No,7.888334501,121,360,1,Rural,Y,8.848796451,1.737008326
LP002367,Female,No,1,Not Graduate,No,8.43511508,81,360,1,Rural,N,8.43511508,1.758575771
LP002368,Male,Yes,2,Graduate,No,8.688622307,133,360,1,Semiurban,Y,8.688622307,2.240943555
LP002369,Male,Yes,0,Graduate,No,7.979338895,87,360,1,Rural,Y,7.984844261,2.963094151
LP002370,Male,No,0,Not Graduate,No,7.907283609,60,180,1,Urban,Y,7.907283609,2.208317998
LP002377,Female,No,1,Graduate,Yes,9.062304293,150,360,1,Semiurban,Y,9.062304293,1.739332096
LP002379,Male,No,0,Graduate,No,8.779557456,105,360,0,Rural,N,8.779557456,1.615384615
LP002386,Male,No,0,Graduate,No,9.463120392,405,360,1,Semiurban,Y,9.463120392,3.145386766
LP002387,Male,Yes,0,Graduate,No,7.793586803,143,360,1,Semiurban,Y,8.469052816,3.001049318
LP002390,Male,No,0,Graduate,No,8.229511119,100,360,1,Urban,Y,8.229511119,2.666666667
LP002393,Female,Yes,0,Graduate,No,9.215029361,146.4121622,240,1,Semiurban,Y,9.215029361,1.457272441
LP002398,Male,No,0,Graduate,No,7.563200592,50,360,1,Semiurban,Y,8.236685323,1.323801959
LP002401,Male,Yes,0,Graduate,No,7.70210434,146.4121622,360,1,Urban,Y,8.113127104,4.386224151
LP002403,Male,No,0,Graduate,Yes,9.251098364,187,360,0,Urban,N,9.251098364,1.7953149
LP002407,Female,Yes,0,Not Graduate,Yes,8.873748128,138,360,1,Rural,Y,8.873748128,1.932231868
LP002408,Male,No,0,Graduate,No,8.205218426,187,360,1,Semiurban,Y,9.073833127,2.14351215
LP002409,Male,Yes,0,Graduate,No,8.974744613,180,360,1,Rural,Y,9.18338019,1.849188412
LP002418,Male,No,3+,Not Graduate,No,8.456806041,148,360,1,Semiurban,Y,8.809862805,2.208955224
LP002422,Male,No,1,Graduate,No,10.53791923,152,360,1,Semiurban,Y,10.53791923,0.402979931
LP002424,Male,Yes,0,Graduate,No,8.900139988,175,300,0.842198582,Rural,Y,9.659248038,1.117068811
LP002429,Male,Yes,1,Graduate,Yes,8.15075647,130,360,1,Rural,Y,8.450198323,2.780153978
LP002434,Male,Yes,2,Not Graduate,No,8.445052514,110,360,1,Rural,Y,8.445052514,2.364574377
LP002435,Male,Yes,0,Graduate,No,8.17159948,55,360,1,Rural,N,8.500047033,1.119023398
LP002443,Male,Yes,2,Graduate,No,8.113726086,150,360,0,Rural,N,8.527143522,2.97029703
LP002444,Male,No,1,Not Graduate,Yes,7.926241523,190,360,0.842198582,Semiurban,N,8.368925175,4.407330086
LP002446,Male,Yes,2,Not Graduate,No,7.744569809,125,360,0,Rural,N,8.178638789,3.507295174
LP002447,Male,Yes,2,Not Graduate,No,7.579678823,60,300,0.842198582,Urban,Y,8.135639903,1.757469244
LP002448,Male,Yes,0,Graduate,No,8.280964401,149,360,0,Rural,N,8.644882553,2.62277768
LP002449,Male,Yes,0,Graduate,No,7.817222786,90,180,0,Rural,Y,8.506940815,1.818549202
LP002453,Male,No,0,Graduate,Yes,8.865735152,84,360,1,Semiurban,Y,8.865735152,1.185603387
LP002455,Male,Yes,2,Graduate,No,8.258163362,96,360,1,Semiurban,Y,8.258163362,2.487691112
LP002459,Male,Yes,0,Graduate,No,8.366602833,118,360,1,Urban,Y,8.366602833,2.743548012
LP002467,Male,Yes,0,Graduate,No,8.218247927,173,360,1,Urban,N,8.744647438,2.756093675
LP002472,Male,No,2,Graduate,No,8.378850242,136,360,1,Rural,Y,8.378850242,3.123564538
LP002473,Male,Yes,0,Graduate,No,9.028098812,160,360,1,Semiurban,N,9.028098812,1.919846412
LP002478,Male,Yes,0,Graduate,Yes,7.641564441,160,360,0.842198582,Semiurban,Y,8.726805608,2.594875122
LP002484,Male,Yes,3+,Graduate,No,8.954156967,128,180,1,Urban,Y,8.954156967,1.65374677
LP002487,Male,Yes,0,Graduate,No,8.011355109,153,360,1,Rural,Y,8.556990661,2.940611186
LP002489,Female,No,1,Not Graduate,No,8.554681636,132,360,1,Semiurban,Y,8.554681636,2.542862647
LP002493,Male,No,0,Graduate,No,8.334711622,98,360,0,Semiurban,N,8.334711622,2.35237638
LP002494,Male,No,0,Graduate,No,8.699514748,140,360,1,Rural,Y,8.699514748,2.333333333
LP002500,Male,Yes,3+,Not Graduate,No,7.988542983,70,180,0,Urban,N,8.436200032,1.51810887
LP002501,Male,Yes,0,Graduate,No,9.722684842,110,360,1,Semiurban,Y,9.722684842,0.658998323
LP002502,Female,Yes,2,Not Graduate,No,5.347107531,98,360,1,Semiurban,Y,8.047829357,3.133994244
LP002505,Male,Yes,0,Graduate,No,8.374015422,110,360,1,Urban,N,8.822322177,1.621462264
LP002515,Male,Yes,1,Graduate,Yes,8.14612951,162,360,1,Semiurban,Y,8.617762246,2.930005426
LP002517,Male,Yes,1,Not Graduate,No,7.883446354,113,180,0,Rural,N,8.331586244,2.720924633
LP002519,Male,Yes,3+,Graduate,No,8.453401058,100,360,1,Semiurban,Y,8.453401058,2.131741633
LP002522,Female,No,0,Graduate,Yes,7.824046011,93,360,0.842198582,Urban,Y,7.824046011,3.72
LP002524,Male,No,2,Graduate,No,8.618304693,162,360,1,Rural,Y,9.22818029,1.591355599
LP002527,Male,Yes,2,Graduate,Yes,9.712629665,150,360,1,Rural,Y,9.772182252,0.855236901
LP002529,Male,Yes,2,Graduate,No,8.809862805,230,300,1,Semiurban,Y,9.04192172,2.721893491
LP002530,Male,Yes,2,Graduate,No,7.963112059,132,360,0,Semiurban,N,8.464846711,2.781875659
LP002531,Male,Yes,1,Graduate,Yes,9.721185996,86,360,1,Semiurban,Y,9.847816268,0.45461754
LP002533,Male,Yes,2,Graduate,No,7.988542983,146.4121622,360,1,Urban,N,8.422882512,3.217849718
LP002534,Female,No,0,Not Graduate,No,8.377931124,154,360,1,Rural,Y,8.377931124,3.540229885
LP002536,Male,Yes,3+,Not Graduate,No,8.037543185,113,360,1,Rural,Y,8.037543185,3.651050081
LP002537,Male,Yes,0,Graduate,No,7.641564441,128,360,1,Semiurban,Y,8.562740006,2.44601567
LP002541,Male,Yes,0,Graduate,No,9.29035231,234,360,1,Semiurban,Y,9.29035231,2.160066464
LP002543,Male,Yes,2,Graduate,No,9.027978814,246,360,1,Semiurban,Y,9.027978814,2.952118085
LP002544,Male,Yes,1,Not Graduate,No,7.579678823,131,360,1,Rural,Y,8.387995253,2.981338188
LP002545,Male,No,2,Graduate,No,8.173857455,80,360,0,Rural,N,8.173857455,2.255427122
LP002547,Male,Yes,1,Graduate,No,9.816457994,500,360,1,Urban,N,9.816457994,2.727322315
LP002555,Male,Yes,2,Graduate,Yes,8.430109085,160,360,1,Semiurban,Y,8.804775259,2.400240024
LP002556,Male,No,0,Graduate,No,7.797702036,75,360,1,Urban,N,7.797702036,3.080082136
LP002560,Male,No,0,Not Graduate,No,7.900636613,96,360,0.842198582,Semiurban,Y,8.609590041,1.750547046
LP002562,Male,Yes,1,Not Graduate,No,8.581669211,186,360,0.842198582,Urban,Y,8.7740036,2.877475248
LP002571,Male,No,0,Not Graduate,No,8.213652703,110,360,1,Rural,Y,8.213652703,2.980222162
LP002582,Female,No,0,Not Graduate,Yes,9.756320762,225,360,1,Semiurban,Y,9.756320762,1.30336558
LP002585,Male,Yes,0,Graduate,No,8.187855444,119,360,0,Rural,N,8.657650544,2.068126521
LP002586,Female,Yes,1,Graduate,No,8.10952566,105,84,1,Semiurban,Y,8.352082671,2.476999292
LP002587,Male,Yes,0,Not Graduate,No,7.863266724,107,360,1,Rural,Y,8.366370302,2.488372093
LP002588,Male,Yes,0,Graduate,No,8.43923165,111,12,0.842198582,Urban,Y,8.920255415,1.483560545
LP002600,Male,Yes,1,Graduate,Yes,7.97074039,95,360,1,Semiurban,Y,7.97074039,3.281519862
LP002602,Male,No,0,Graduate,No,8.745602852,209,360,0,Rural,N,9.277905558,1.953453594
LP002603,Female,No,0,Graduate,No,6.469250317,113,480,1,Rural,Y,8.372860821,2.61090573
LP002606,Female,No,0,Graduate,No,8.058010801,100,360,1,Semiurban,Y,8.058010801,3.165558721
LP002615,Male,Yes,2,Graduate,No,8.489821995,208,360,1,Semiurban,Y,9.258082368,1.983029841
LP002618,Male,Yes,1,Not Graduate,No,8.30647216,138,360,0.842198582,Rural,N,9.143345503,1.475620188
LP002619,Male,Yes,0,Not Graduate,No,8.246433786,124,300,1,Semiurban,Y,8.574895902,2.340947706
LP002622,Male,Yes,2,Graduate,No,8.163371316,243,360,1,Rural,Y,8.977903774,3.065859198
LP002624,Male,Yes,0,Graduate,No,9.944293547,480,360,0.842198582,Urban,Y,10.22194128,1.745454545
LP002625,Male,No,0,Graduate,No,8.183955717,96,360,1,Urban,N,8.183955717,2.679319006
LP002626,Male,Yes,0,Graduate,Yes,7.815610532,188,360,1,Urban,Y,8.611047767,3.423160961
LP002634,Female,No,1,Graduate,No,9.492658082,40,360,1,Urban,Y,9.492658082,0.301613633
LP002637,Male,No,0,Not Graduate,No,8.188133415,100,360,1,Rural,N,8.493924564,2.047082907
LP002640,Male,Yes,1,Graduate,No,8.710289821,250,360,1,Semiurban,Y,8.995784838,3.098277358
LP002643,Male,Yes,2,Graduate,No,8.096512918,148,360,1,Urban,Y,8.578852572,2.783001128
LP002648,Male,Yes,0,Graduate,No,7.663877259,70,180,1,Semiurban,N,9.082052352,0.79581628
LP002652,Male,No,0,Graduate,No,8.668196065,311,360,1,Rural,N,9.157045075,3.2802447
LP002659,Male,Yes,3+,Graduate,No,8.15075647,150,360,1,Rural,Y,8.838406747,2.175805048
LP002670,Female,Yes,2,Graduate,No,7.616283562,113,480,1,Semiurban,Y,8.206037763,3.084903085
LP002682,Male,Yes,0,Not Graduate,No,8.030734924,123,360,0,Semiurban,N,8.491670234,2.523594584
LP002683,Male,No,0,Graduate,No,8.451694209,185,360,1,Semiurban,N,8.794521852,2.803879964
LP002684,Female,No,0,Not Graduate,No,8.131530711,95,360,1,Rural,N,8.131530711,2.794117647
LP002689,Male,Yes,2,Not Graduate,No,7.692569648,45,360,1,Semiurban,Y,8.277411999,1.14387392
LP002690,Male,No,0,Graduate,No,7.824046011,55,360,1,Semiurban,Y,7.824046011,2.2
LP002692,Male,Yes,3+,Graduate,Yes,8.644178203,100,360,1,Rural,Y,8.867990898,1.408252359
LP002693,Male,Yes,2,Graduate,Yes,8.980675604,480,360,1,Rural,Y,9.623376746,3.175863438
LP002697,Male,No,0,Graduate,No,8.451053389,146.4121622,360,1,Semiurban,N,8.819813136,2.163619952
LP002699,Male,Yes,2,Graduate,Yes,9.76995616,400,360,1,Rural,Y,9.76995616,2.285714286
LP002705,Male,Yes,0,Graduate,No,8.236155662,110,360,1,Semiurban,Y,8.236155662,2.913907285
LP002706,Male,Yes,1,Not Graduate,No,8.572627898,161,360,0,Semiurban,Y,8.812099109,2.397617275
LP002714,Male,No,1,Not Graduate,No,7.89319887,94,360,1,Semiurban,Y,8.289288323,2.361215775
LP002716,Male,No,0,Not Graduate,No,8.822174761,130,360,1,Semiurban,Y,8.822174761,1.916556096
LP002717,Male,Yes,0,Graduate,No,6.932447892,216,360,0.842198582,Rural,Y,8.783396232,3.310344828
LP002720,Male,Yes,3+,Graduate,No,8.361941906,100,360,1,Urban,Y,8.361941906,2.335902826
LP002723,Male,No,2,Graduate,No,8.185350223,110,360,0,Rural,N,8.185350223,3.065774805
LP002729,Male,No,1,Graduate,No,9.328123408,196,360,0.842198582,Semiurban,N,9.328123408,1.742222222
LP002731,Female,No,0,Not Graduate,Yes,9.807251945,125,360,1,Urban,Y,9.807251945,0.688136526
LP002732,Male,No,0,Not Graduate,No,7.843848638,126,360,1,Rural,Y,8.432070938,2.743902439
LP002734,Male,Yes,0,Graduate,No,8.721439306,324,360,1,Urban,Y,9.214232787,3.227413089
LP002738,Male,No,2,Graduate,No,8.193400232,107,360,1,Semiurban,Y,8.193400232,2.958252696
LP002739,Male,Yes,0,Not Graduate,No,7.97831097,66,360,1,Rural,N,8.146998697,1.911381407
LP002740,Male,Yes,3+,Graduate,No,8.766705998,157,180,1,Rural,Y,8.766705998,2.446626149
LP002741,Female,Yes,1,Graduate,No,8.435549202,140,180,1,Semiurban,Y,8.916371915,1.878438213
LP002743,Female,No,0,Graduate,No,7.667626092,99,360,0,Semiurban,N,7.667626092,4.63049579
LP002753,Female,No,1,Graduate,No,8.203030242,95,360,1,Semiurban,Y,8.203030242,2.601314348
LP002755,Male,Yes,1,Not Graduate,No,7.713784617,128,360,1,Urban,Y,8.468633001,2.687381902
LP002757,Female,Yes,0,Not Graduate,No,8.012018239,102,360,0.842198582,Semiurban,Y,8.210668031,2.77173913
LP002767,Male,Yes,0,Graduate,No,7.925880317,155,360,1,Rural,Y,8.45914026,3.285290377
LP002768,Male,No,0,Not Graduate,No,8.119100838,80,36,1,Semiurban,N,8.119100838,2.382370459
LP002772,Male,No,0,Graduate,No,7.834392303,145,360,1,Rural,Y,8.368461138,3.365049896
LP002776,Female,No,0,Graduate,No,8.517193191,103,360,0,Semiurban,N,8.517193191,2.06
LP002777,Male,Yes,0,Graduate,No,7.932003152,110,360,1,Rural,Y,8.476579509,2.291189336
LP002778,Male,Yes,2,Graduate,Yes,8.79981247,146.4121622,360,0,Rural,N,8.79981247,2.207329446
LP002784,Male,Yes,1,Not Graduate,No,7.82084088,146.4121622,360,1,Rural,Y,8.49023301,3.00826304
LP002785,Male,Yes,1,Graduate,No,8.111628078,158,360,1,Urban,Y,8.792245847,2.400121525
LP002788,Male,Yes,0,Not Graduate,No,7.805474625,181,360,0,Urban,N,8.473659189,3.781073741
LP002789,Male,Yes,0,Graduate,No,8.186742787,132,180,0,Rural,N,8.969414651,1.679603003
LP002792,Male,Yes,1,Graduate,No,8.606668198,26,360,1,Semiurban,Y,8.779557456,0.4
LP002794,Female,No,0,Graduate,No,7.888709524,84,360,0.842198582,Urban,Y,8.364508104,1.957129543
LP002795,Male,Yes,3+,Graduate,Yes,9.224144653,260,360,1,Semiurban,Y,9.224144653,2.564355459
LP002798,Male,Yes,0,Graduate,No,8.265392931,162,360,1,Semiurban,Y,8.78813594,2.471018914
LP002804,Female,Yes,0,Graduate,No,8.338066526,182,360,1,Semiurban,Y,8.777401287,2.806043787
LP002807,Male,Yes,2,Not Graduate,No,8.209308412,108,360,1,Semiurban,Y,8.273081334,2.757212152
LP002813,Female,Yes,1,Graduate,Yes,9.877348895,600,360,1,Semiurban,Y,9.877348895,3.079449805
LP002820,Male,Yes,0,Graduate,No,8.686598356,211,360,1,Rural,Y,8.98431768,2.645104676
LP002821,Male,No,0,Not Graduate,Yes,8.665613197,132,360,1,Semiurban,Y,8.665613197,2.275862069
LP002832,Male,Yes,2,Graduate,No,9.082393358,258,360,0,Urban,N,9.082393358,2.932151381
LP002833,Male,Yes,0,Not Graduate,No,8.404472321,120,360,0.842198582,Rural,Y,8.404472321,2.686366689
LP002836,Male,No,0,Graduate,No,8.111628078,70,360,1,Urban,Y,8.111628078,2.100210021
LP002837,Male,Yes,3+,Graduate,No,8.131530711,123,360,0,Rural,N,8.68270763,2.084745763
LP002840,Female,No,0,Graduate,No,7.774015077,9,360,1,Urban,N,7.774015077,0.378469302
LP002841,Male,Yes,0,Graduate,No,8.06022424,104,360,0,Urban,N,8.562166557,1.988527725
LP002842,Male,Yes,1,Graduate,No,8.136518252,186,360,1,Urban,Y,8.550047528,3.599767757
LP002847,Male,Yes,0,Graduate,No,8.540128163,165,360,0,Urban,N,8.789812386,2.512562814
LP002855,Male,Yes,2,Graduate,No,9.721125995,275,360,1,Urban,Y,9.721125995,1.650066003
LP002862,Male,Yes,2,Not Graduate,No,8.720134035,187,480,1,Semiurban,N,8.955448122,2.412903226
LP002863,Male,Yes,3+,Graduate,No,8.76499033,150,360,1,Semiurban,N,8.76499033,2.341554792
LP002868,Male,Yes,2,Graduate,No,8.058010801,108,84,1,Urban,Y,8.194229305,2.983425414
LP002872,Male,Yes,0,Graduate,No,8.034955025,136,360,0,Semiurban,N,8.574895902,2.567491033
LP002874,Male,No,0,Graduate,No,8.079927771,110,360,1,Urban,Y,8.694167142,1.843163539
LP002877,Male,Yes,1,Graduate,No,7.485491608,107,360,1,Rural,Y,8.297543529,2.665670154
LP002888,Male,No,0,Graduate,No,8.065265209,161,360,1,Urban,Y,8.715880102,2.639777013
LP002892,Male,Yes,2,Graduate,No,8.785692444,205,360,1,Semiurban,Y,8.785692444,3.134556575
LP002893,Male,No,0,Graduate,No,7.515344571,90,360,1,Urban,N,10.48214938,0.252291649
LP002894,Female,Yes,0,Graduate,No,8.06022424,36,360,1,Semiurban,Y,8.06022424,1.137081491
LP002898,Male,Yes,1,Graduate,No,7.539027056,61,360,0.842198582,Rural,N,7.539027056,3.244680851
LP002911,Male,Yes,1,Graduate,No,7.932721027,146,360,0,Rural,N,8.45616849,3.103741497
LP002912,Male,Yes,1,Graduate,No,8.362408978,172,84,1,Rural,N,8.893298144,2.361664149
LP002916,Male,Yes,0,Graduate,No,7.739359203,104,360,1,Urban,Y,8.247743887,2.723225975
LP002917,Female,No,0,Not Graduate,No,7.68017564,70,360,1,Semiurban,Y,7.68017564,3.233256351
LP002925,Male,No,0,Graduate,No,8.465899897,94,360,1,Semiurban,Y,8.465899897,1.978947368
LP002926,Male,Yes,2,Graduate,Yes,7.910590612,106,360,0,Semiurban,N,7.910590612,3.888481291
LP002928,Male,Yes,0,Graduate,No,8.006367568,56,180,1,Semiurban,Y,8.76655015,0.872817955
LP002931,Male,Yes,2,Graduate,Yes,8.699514748,205,240,1,Semiurban,N,8.699514748,3.416666667
LP002933,Male,No,3+,Graduate,Yes,9.143880005,292,360,1,Semiurban,Y,9.143880005,3.120658331
LP002936,Male,Yes,0,Graduate,No,8.258163362,142,180,1,Rural,Y,8.876125585,1.983517251
LP002938,Male,Yes,0,Graduate,Yes,9.687816016,260,360,1,Urban,Y,9.687816016,1.612903226
LP002940,Male,No,0,Not Graduate,No,8.251403065,110,360,1,Rural,Y,8.251403065,2.869814767
LP002941,Male,Yes,2,Not Graduate,Yes,8.761393485,187,360,1,Rural,N,8.906935339,2.532845727
LP002943,Male,No,0,Graduate,No,8.002024818,88,360,0,Semiurban,N,8.002024818,2.946099766
LP002945,Male,Yes,0,Graduate,Yes,9.20663351,180,360,1,Rural,Y,9.20663351,1.806684734
LP002948,Male,Yes,2,Graduate,No,8.662158962,192,360,1,Urban,Y,8.662158962,3.321799308
LP002949,Female,No,3+,Graduate,No,6.03068526,350,180,0.842198582,Urban,N,10.64739914,0.831689756
LP002950,Male,Yes,0,Not Graduate,No,7.970394907,155,360,1,Rural,Y,8.645762292,2.725993669
LP002953,Male,Yes,3+,Graduate,No,8.648747631,128,360,1,Urban,Y,8.648747631,2.244432755
LP002958,Male,No,0,Graduate,No,8.209580483,172,360,1,Rural,Y,8.98431768,2.156199072
LP002959,Female,Yes,1,Graduate,No,9.392661929,496,360,1,Semiurban,Y,9.392661929,4.133333333
LP002960,Male,Yes,0,Not Graduate,No,7.783224016,146.4121622,180,1,Urban,N,8.732304571,2.361486486
LP002961,Male,Yes,1,Graduate,No,8.131530711,173,360,1,Semiurban,Y,8.68270763,2.93220339
LP002964,Male,Yes,2,Not Graduate,No,8.290794347,157,360,1,Rural,Y,8.593783794,2.908484624
LP002974,Male,Yes,0,Graduate,No,8.08085642,108,360,1,Rural,Y,8.552946361,2.084137399
LP002978,Female,No,0,Graduate,No,7.972466016,71,360,1,Rural,Y,7.972466016,2.448275862
LP002979,Male,Yes,3+,Graduate,No,8.320204598,40,180,1,Rural,Y,8.320204598,0.974184121
LP002983,Male,Yes,1,Graduate,No,8.996156562,253,360,1,Urban,Y,9.025455533,3.043792108
LP002984,Male,Yes,2,Graduate,No,8.933664179,187,360,1,Urban,Y,8.933664179,2.466042463
LP002990,Female,No,0,Graduate,Yes,8.430109085,133,360,0,Semiurban,N,8.430109085,2.902029238
